{"cameraMode":{"drawMode":0,"name":"Shaded","section":"Shading Mode"},"sceneLighting":true,"audioPlay":false,"sceneViewState":{"showFog":true,"showMaterialUpdate":false,"showSkybox":true,"showFlares":true,"showImageEffects":true,"showParticleSystems":true},"in2DMode":false,"pivot":{"x":-0.207786425948143,"y":0.9896453619003296,"z":0.8679431676864624},"rotation":{"x":0.14073269069194795,"y":-0.8518301844596863,"z":0.29063519835472109,"w":0.41244494915008547},"size":2.6020114421844484,"orthographic":false}