{"cameraMode":{"drawMode":0,"name":"Shaded","section":"Shading Mode"},"sceneLighting":false,"audioPlay":false,"sceneViewState":{"showFog":true,"showMaterialUpdate":false,"showSkybox":true,"showFlares":true,"showImageEffects":true,"showParticleSystems":true},"in2DMode":false,"pivot":{"x":0.7799999713897705,"y":0.0,"z":17.600000381469728},"rotation":{"x":-0.006261571776121855,"y":0.9922323226928711,"z":-0.1109025850892067,"w":-0.0560045950114727},"size":3.777022361755371,"orthographic":false}