{"cameraMode":{"drawMode":0,"name":"Shaded","section":"Shading Mode"},"sceneLighting":true,"audioPlay":false,"sceneViewState":{"showFog":true,"showMaterialUpdate":false,"showSkybox":true,"showFlares":true,"showImageEffects":true,"showParticleSystems":true},"in2DMode":false,"pivot":{"x":3.501983404159546,"y":2.1981098651885988,"z":11.659526824951172},"rotation":{"x":0.0025884222704917194,"y":0.9940077662467957,"z":-0.1065746322274208,"w":0.02416103146970272},"size":8.232237815856934,"orthographic":false}