{"cameraMode":{"drawMode":0,"name":"Shaded","section":"Shading Mode"},"sceneLighting":false,"audioPlay":false,"sceneViewState":{"showFog":true,"showMaterialUpdate":false,"showSkybox":true,"showFlares":true,"showImageEffects":true,"showParticleSystems":true},"in2DMode":false,"pivot":{"x":3.501983404159546,"y":2.3432788848876955,"z":11.659526824951172},"rotation":{"x":0.01801612600684166,"y":0.49148327112197878,"z":0.010172432288527489,"w":-0.87064129114151},"size":7.065022945404053,"orthographic":false}